minutes,happy,IQ
47.85737297477557,4.955817404428553,84.8300314107386
55.49791764426289,6.822968912619432,103.82261010444287
50.55340549784981,5.019857596826088,92.82958339528918
38.47779300841252,6.3962395384631945,114.06796159722973
78.2126938926888,4.082050479894928,91.23838014392317
63.327595279570275,3.6245345999425407,95.00692429122584
92.20258473080307,7.134461535145311,82.92658202960068
63.11650892931166,9.467588924475782,84.08027468821588
39.08387254853741,7.5527055646712835,105.70209029901649
72.40545822706994,3.8514929892132406,123.0080529810613
53.369983468771665,3.7418752813318554,93.45852977299691
70.39656872000944,10.0,126.88777081503589
43.27958929021207,2.777695280152236,103.54666290711292
59.03820634592621,3.513849810218133,86.80795633866585
83.68553530698787,6.033128877086282,97.9831092313131
52.82153527880064,0.0,76.1802512970037
38.32627915111606,5.5128555196217635,87.31073662991147
39.94380121379263,10.0,99.533822315891
50.20310298787992,5.504638744635425,118.8192827912947
52.236226771938604,7.4963666411718695,105.36345809985508
58.77265017494696,5.8677957608583835,84.72418127338219
67.08110387930965,8.31265386651118,115.09222787429499
80.78408267391247,5.093051461457783,104.9279063620896
85.41879336080208,6.47236653353848,95.93058548238402
59.25789604377306,10.0,101.78166555270096
49.56741364939063,10.0,89.4298012733791
31.28607714470101,2.5415731094750535,104.50506194614621
58.01962363940675,6.819980013710526,111.54328751735434
57.45183602786296,4.1306029562543145,123.5710893765721
56.63934226749899,10.0,122.03638704286968
52.12500552289412,6.309748202046203,130.22177803707035
60.87117606434144,6.129884149645457,76.5518918820593
40.169149253583036,5.698883632952737,84.38253744836284
70.06458468112693,7.34458478814266,87.48285907879512
34.03918984013915,1.9036435233834252,84.48947134985436
81.8315981726364,6.055014396945413,133.50606379327326
57.86907292565297,3.361119040364764,97.14266435808793
48.00968930793703,3.131037778152443,108.42091370375233
54.26814221434348,2.8355171391147085,83.4513271862459
63.76846811682683,4.5596829767283165,95.21891804181372
35.617992976814236,7.838501972821275,92.34920137931358
50.760953880642106,9.282800726004073,116.58903857833357
69.70271657435984,6.7823352510413,91.27345092554303
69.94437885621832,5.661226028313754,100.84447910221667
40.573689847858205,1.8503876342809518,118.96366516747011
67.5953995912671,5.216648427766234,114.76802756065337
50.81684651557461,5.0706586906789255,98.70514635430403
65.40183340238615,5.3157841859532065,124.63302881881788
55.378185163269094,0.0,87.18594623233498
63.67998336280805,8.713794343888257,92.57902735979341
71.74110237361455,10.0,114.18422065497951
45.17699070471532,1.025280068832303,104.98933757407198
52.2777232718629,5.331012509437248,116.26770682268722
53.09965349140942,3.021686720019758,91.0679381133397
34.948981282472595,1.4115353052875586,106.10738146562426
74.93693309519583,4.809242196636154,107.51210791829732
36.644631009244904,5.177684760768934,138.0614430970727
47.16642391395044,3.733770745772669,82.53517619347133
75.03552771879208,8.410369098943821,144.91563376721186
59.25637273653658,7.036796269068524,105.37290889036099
33.80360471321314,8.397211331773086,99.1811689106773
75.39493324772849,9.414251490503077,83.20098588617074
53.02748114402542,7.259937568996228,99.63286470189621
63.50118005137575,5.279107997555926,78.00958486310176
51.591868502981455,4.22061830948069,121.43338057835858
70.04856700992443,6.445149794371006,109.43135545863937
34.38134350305521,6.101847685545592,101.27826572194148
87.54218706170842,5.291640617161299,125.6978859080792
31.181481384325764,6.4170253399396175,103.74709781244464
53.98055733651158,6.7499444096933905,105.2559713561554
66.04757146542016,5.4276363395478375,93.23357291059507
58.48886204187565,2.026409986311057,108.52153159190439
61.242583083456225,7.770974508071692,99.40723981118504
56.534740618751826,5.053173516220564,114.5998367496857
52.220775477202594,6.040602374805262,102.08679758317662
70.39921079389889,4.580516295843932,118.35884531163958
65.20257816025504,3.658414276478131,107.9276197011625
52.31748819869965,8.057295813605224,123.81508392238857
71.25181777738993,5.564392222033673,85.54450440492066
47.8882893062399,5.61639824537194,110.36987363361192
49.50407541838833,8.339286665456292,66.17533363088387
74.93144520870656,2.9465412171555387,88.28190387883394
54.801485014054975,8.58962510430087,95.6434731337163
69.62422215454617,9.253740669774288,114.39363694130277
55.04675086868788,2.3601065141073394,81.56181738569478
50.47982224327599,1.441894249580022,93.67390744406775
60.823442466542105,7.2549409325370915,94.12656213878915
67.4640943143811,6.795773578837114,88.48817120947452
65.94072782537461,8.44731684769166,133.12378410312982
55.819975973991276,4.437174987425873,77.22646743421362
63.30892955381532,5.217772288787987,97.0078210900913
38.72641074743315,5.068308127031887,116.2145867186967
69.69184983838242,4.742441509774952,88.17035035772591
70.05375449254946,9.81359444225534,88.58123914595645
59.54048836360157,1.5627927340131027,106.17235225027353
80.80014201559779,9.276730053556005,125.72983193303935
44.26091597991358,4.666339677759625,91.06462790820181
64.12065724694061,10.0,78.38258013952344
73.73661938864275,4.4499282654776,121.3341523083429
73.87905401682815,4.05996630816476,106.07051338781893
65.57238064415583,5.3288737991290995,90.98636414982958
76.01183339412346,9.007395603569528,112.97486537407612
60.86358694259943,1.8713784426947635,119.11461239287064
50.89020683571564,8.694932212919953,106.92440362197932
49.42272822313146,7.081736426476057,100.99640570373377
81.31180726320677,10.0,107.21811313237735
12.2667416029261,2.9782438249541645,93.69841927577436
67.6918027980498,7.256313512688961,95.91609423597457
53.753527571211094,4.487395429782413,89.56765302503449
70.0370960605578,10.0,113.53245241551234
67.02002061947023,1.244005997689598,91.61230534265297
74.20660705112914,9.510309745066646,83.97116040072599
72.41447198630951,5.175195610341613,78.69777354879317
87.78183691855584,10.0,100.94698441754508
63.98130431848843,4.937020135731769,127.72855068621449
56.51683872246472,8.545138678880889,99.39814476529088
80.40937875622978,3.8906071536529354,103.18364595282961
54.346611317663076,0.0,114.0695002278255
56.32928625313375,9.6220688244027,94.71254806553223
35.701973420251534,7.96705225167854,94.29293534206744
84.36670262171039,8.568126948595978,80.51463618044295
55.29705764032468,10.0,75.03259025612955
82.38096614111706,7.473305903874788,115.67975122025867
67.44207001209239,2.8530026588878377,94.67898306407416
78.02811254216086,10.0,86.63325847483637
98.72711315243166,8.512184889518636,86.5800683854505
64.55499458072411,5.861765794738866,93.25037066541799
64.90840392554283,6.22859693048984,69.59353221653974
30.49620552074035,4.500751776035575,85.67762731262033
68.37681576569643,5.633753027439526,101.33892132262629
49.015340819154304,4.014904208495218,109.81918164908605
66.34505699693412,3.819735903945233,90.30669074140997
24.047842599642276,3.928712461767108,91.01622707535876
72.61933222768481,9.047554783785689,114.6511382583102
68.59173270276708,4.853160250412076,110.03294510815952
75.01870502365452,4.3295044814132115,74.65723820616428
59.2418303040639,4.929838662537598,98.1519097498012
65.94439560571615,0.0,120.49022346532497
93.80516395304265,7.694727442673392,95.66170393740269
65.21789188463774,6.110574056187167,99.8249499646501
77.04299537542617,8.784192552188046,122.60886373265546
39.69145737129702,0.29974020848344374,103.5973037907918
44.95864378478196,1.9364579331499074,101.78730274922044
67.91506834396226,5.313455668321057,99.49435772246285
72.67914761151944,8.757971332401985,63.13909902107558
77.45047092194297,8.048870945843305,87.06753710712637
45.50326925581052,2.019404661499774,86.18003669325313
91.52209850290424,6.6372413927455,79.6077803539024
15.910317186232815,3.515929998627168,107.80639828692827
47.962512243924806,5.4039549487095035,96.48322886451302
51.42200338288332,8.10136775468774,101.32179465228687
67.80990016236288,9.21734627722322,129.05957325736182
93.70946489674435,10.0,84.4709992961974
70.63257736803341,4.09592388994677,123.42955167157453
37.21892817042528,0.0,93.72367985563545
58.4551925150745,1.2886648037498443,102.454125331318
71.2502031239814,5.477143699696617,91.91374197062012
67.68476242923164,3.0806901805588325,99.48770273529409
68.61493110349193,7.643279079814981,106.91317276515625
53.71004004318823,8.702139184315751,110.39194646893358
70.72553499531905,8.959933583923247,117.54279523083406
37.19694428664521,6.5782836710225405,94.19507886111677
57.888763917839235,1.3563207803034665,109.75761951954783
71.54108005381036,3.7204681591356867,89.41329608610545
53.87283720342682,3.493130804888324,98.28481345101105
50.67842557914483,4.600103317102345,94.58278479861708
28.10683342561844,3.9093862814112113,67.1863958361172
63.04875924028838,7.130551092507508,100.25742874816648
58.990435050373634,10.0,90.37824378291737
97.06354694475583,9.025864645900551,98.5465382595312
82.5476260845155,7.044426181826875,122.41373991508812
65.2492029705269,8.242663407841723,87.45368086555881
66.59531897342899,7.573609973046002,100.23945516265161
94.7195839665737,10.0,128.55568638190167
67.86032271198495,4.281298716700482,103.21141598371078
45.74968720076255,9.494569863754922,92.43772019184479
26.917605420589627,3.3844854536660143,70.49557436752667
77.19356351350983,7.3224679364925365,103.17748287983336
26.897501198951804,1.739434202990144,98.63576511621994
77.03214655811045,5.745939127163263,81.07916747702018
69.32976518232697,2.641972070205113,113.72705068987666
48.3610428458185,6.023014591238222,87.54800406643182
62.76662822518413,5.430547753911228,106.66370192347674
66.23533661320543,4.370334665983662,118.71870003967464
88.90040325229785,10.0,117.74161134850527
64.53933873604008,8.342005472450666,69.52640551905483
62.627053871777036,6.275667463217675,91.70910008203222
73.42792785667926,7.104372675770172,146.6520211131748
40.39407321050788,2.844444554356256,97.46065537367313
32.95673576963127,3.591970671572699,77.93392615661661
23.11934383971875,5.535687658833642,78.94751232934007
56.85082682874134,6.798082455665901,122.50943513554516
50.19305031775894,4.154379967970655,106.79738668452218
60.024817500710455,5.510445000294668,95.89278504854424
107.16967757090059,9.59364276422206,76.53561356320103
56.95479006199615,7.236394953534045,95.59552896009534
48.736396586475564,5.746324562965529,84.31322909294215
41.45910428304519,10.0,95.5164267753436
98.99142323914498,2.6712271803437893,129.2084013497385
75.40020208423893,10.0,106.44906837928878
84.4953766315647,8.457823456241696,97.50101541628172
50.63958695733157,0.8640171206020195,85.59956822902177
33.29066896360219,3.2053012725099785,95.71971709068364
78.9042441677415,5.532417296002981,107.90621993190788
80.57635728600353,10.0,97.16644757547589
75.12530488528826,7.211807737825124,113.71460089841837
49.70210976700709,3.9515334300472613,66.9647581236112
44.02829801894388,3.281141766500832,111.6847357088119
48.5882617958264,7.722452645978011,98.42431138597466
48.74501363428039,3.8564558787808503,102.20088865272028
64.27293704990544,10.0,106.30592404844504
35.66412428435018,0.17451210572503495,103.54823253096495
59.58411251352754,9.257690991555414,121.62284983162073
45.36045877799587,3.9197835170269553,109.89110347320582
88.0080094852684,6.597494572371741,95.89729339983137
88.24671875478803,5.296875011472861,88.3285830835935
40.399192755405466,4.243156482004389,98.16092773197103
88.52372063574607,7.220857214607209,102.09650422292667
55.90810163468251,5.2958929757687665,116.59708689564962
71.1171205652614,5.344849394876513,114.56713121153047
75.0476754415289,6.664552542457075,122.7320850825129
77.11004523473567,3.2456256577747684,103.22533944891472
77.32761824140513,5.2660245675364425,95.96937204645714
38.89481544667454,5.3292030142112825,104.5489615021539
85.68465690319665,10.0,76.13887960493818
37.910836480695416,4.237549158459282,85.10774076684959
94.7581215708153,2.0372395206852465,113.31241791764701
120.0,10.0,122.64863823930855
78.23569444618771,4.440751776186298,95.37015326186179
76.47890131859774,4.787558406931634,112.4418413583571
75.3555511389163,7.2309978686896175,95.94620492140065
52.680626423354155,7.548068152505516,61.77550374579954
54.44081835184119,2.897435438214039,106.36888724630514
70.59110098803755,7.229550764786368,105.45774278268985
88.41953604343463,9.322566887778011,89.55967584503888
53.72153585876033,7.317107833492965,112.90166711169574
93.40778018623493,10.0,106.01597119223824
61.42004663889115,7.32279564596414,74.02683269963117
86.61430471344428,9.529203486133015,129.7357301532892
66.30919971486827,10.0,112.73569953313155
59.04571410052973,4.765045302056808,96.50509860886658
44.51322199620575,2.886599130248605,111.39896443061073
67.3283302050983,5.707737887589005,94.58626603778877
92.21143044101868,9.69861093850663,111.44048270692551
37.81892268790406,10.0,78.19813358547839
59.81910810039963,5.681976843695567,84.88489518150318
82.2277149662867,4.513872855324302,99.59670194759269
70.72937101978928,2.725389138054074,86.20786019909521
35.946831333868616,6.169047472245522,86.82813629103225
64.02062612327212,8.154853350079053,111.00395323526436
17.732836056330264,4.172105570322916,99.29686397628963
109.79529146548633,8.836079441170664,81.71005085040045
54.71047364984009,9.305750037932595,99.72172691800543
46.08544645451201,0.3867158831188906,110.25330946447863
46.95593399694131,2.7091806425088345,118.3282349396665
63.34334530382577,8.441727075779923,93.9742696408913
36.15728628465606,10.0,88.60697492301733
52.082981810363165,3.771665293419745,95.30257304831626
65.0069208537426,9.182957678312473,73.28803736391546
85.59898219989569,6.446634932837802,94.8159702301009
72.43098613591476,8.532841702865841,99.24535703303104
68.13009887826033,8.327661850021217,122.42783906519061
56.33744178829441,5.265383456292862,125.81717345849573
53.732998576764444,4.731200649701078,67.46415688638835
41.56802608252507,7.842042895902978,119.28213125013806
77.76640656158017,10.0,102.25500510411786
85.9549018102915,7.075032776982941,112.59865883374107
67.40583953442346,7.070759873402196,89.65250152737542
37.312763220752025,4.777416057653517,103.88764627427061
41.23439682448461,5.596575406328245,80.71448835596235
29.07006061888734,0.0,96.5652629830917
44.6081274820702,7.49440470207848,73.90935099878985
69.46986590829532,3.0740168735600153,88.79703531873669
39.252096860551724,0.6443014792822623,95.72068045038425
86.95639882613582,8.698263190606939,82.98837295581227
107.60511932612498,10.0,97.52170473203644
37.33270736138028,8.899763832612848,104.37766676561964
82.70194290488601,6.973820006627548,128.0333378418253
50.397005782468,3.3231996189847637,92.58038508770316
53.93554269492505,7.489514077970288,74.95158866661342
46.54968631534828,8.146563706834655,103.84100934084076
33.39186231136611,3.3337357336699527,96.72256070636296
19.09505279561057,5.569556520302001,98.66721113561545
50.741464955062746,8.541615632529368,84.67311320071992
85.58153421269675,9.7777013515989,113.61204694279608
48.32131035479909,8.616121318285261,66.08414480433512
65.83073853048752,4.569583061792024,110.14093503069014
68.55930316314448,6.6109766470575515,91.11395175500992
79.05048780965826,6.719042066779648,122.77165499630016
50.21155917077512,0.5328603777953314,105.66015612667341
54.87255284711745,7.4187829754247945,110.04576745231888
79.09949322237476,9.006128050549817,100.14608045992985
28.628615046106177,6.624223151433453,81.92791624174444
63.555993253643216,6.666555356218362,100.47343044142677
77.06046108151513,10.0,99.4477786948327
44.757268357057015,6.206019125423621,104.20999141530336
62.554174111100856,1.113975202404002,104.86480217789874
82.20289714856,8.408070552516051,106.52140546726895
102.21715492753805,8.898627437376025,112.08038481480105
79.13804337706081,3.016208867466876,75.19154074912423
69.77543507844801,9.269902621308034,100.16312287340244
75.11723800946456,2.067955102826933,83.68516842604353
54.67230703559067,0.0,107.11618163894114
46.78159975164288,5.47370525474276,104.22661333623326
44.758645241140364,3.463361487561417,99.15587214255586
73.73341808095387,7.020299702930845,119.66874224247952
67.97690145694159,7.298872031765185,82.24088900446769
51.880873124077624,4.215662191415474,82.30346813099126
65.66047126259726,10.0,96.54499313498626
61.28185390063316,8.239023913421699,114.31643982511099
35.345673934841024,0.0,74.0404065799035
67.31860243855033,5.413013474510443,112.82586991281467
68.57162328195776,0.024052542593434367,118.01008545783495
93.04735086825083,7.500442623109361,111.58974641244409
43.25948185332494,0.8408954038231986,111.24556621677942
47.85066826115157,0.0,100.19102406128499
68.7414108372195,9.837157379309748,70.69958259614249
85.12893282290254,5.9447554539545555,107.5864588006504
45.68045120776842,5.30912212820989,93.32560323331664
19.68886533488051,2.838854295036562,94.32859120725105
47.935328805146405,1.4992064153688132,109.26192948110577
86.89310031685716,6.605547350304761,125.98610513770005
67.57913215126507,9.946589322175523,91.86352336127081
46.06484448862097,9.533211649010493,85.26030231150554
67.88936120788973,5.716131250006035,100.51407765725996
63.47069815180055,9.968680520566544,112.63672357047447
51.06024119432361,0.0,95.76978813535774
46.09542524403892,2.544532356430218,91.30330014895036
70.49762634947707,7.537881019674016,108.67492503638813
75.23104883304364,4.201463651287013,127.71157482624409
79.50280629292999,7.9162303688218945,90.21725339970149
54.3789127530103,2.3393911577823574,115.46252084573369
58.204956805939744,4.56258461448402,91.51015217229491
43.1749409500301,9.174597649836898,84.17777468654678
45.396914930480044,3.9678292136260938,81.9363158251684
79.2844898901509,7.142277748714458,93.77107965425843
63.34472038069658,8.543489944321427,88.45225118026849
46.54244869156946,4.675589677705713,104.52732551670859
87.11727707622256,7.624662061227536,132.55430786543204
74.42235778225174,4.4883743666372045,106.11257221533309
19.42273071392132,8.355461695306559,72.52481878019472
55.00717890969295,4.451641422779851,107.40722266723012
59.172671928693696,2.1172155827767893,96.74862330663171
51.062392445404505,5.16003910578267,69.15535608722953
65.78410330085879,8.597301371651374,100.81602282093
88.62177157237107,6.485517789645153,106.35845518435669
93.51451327466144,10.0,117.39992570445565
73.57435631825247,8.243940079114386,93.55215885812113
54.09015399888867,6.337544220707686,97.38005005936886
41.37655041935887,8.439190999030359,121.17636431006666
69.51619739545741,4.642040090006953,113.23047677515119
80.74857240048581,5.580391732453132,110.31591606989953
51.15742423534861,6.964358420515624,96.13737762600005
37.26995755543205,3.754227685491381,93.03191851624895
39.12310228129627,7.481354180125932,114.9913540865964
21.91254376217908,8.635421271664342,81.25756815404779
54.32844866229637,3.756943579777289,112.39319553479537
42.02998572620167,0.8162393947557298,127.9507913437534
56.153455513048755,6.249863588730697,70.81754626258355
55.71434575109171,2.884374781067584,103.17695759614315
56.822323415537525,7.350908353700502,90.3353818028472
70.43821227453472,5.582645615852971,102.32000178798202
103.31192536236385,5.622005322394723,89.89018135235476
56.80501464021509,6.734694991918351,113.61993130285998
60.96520375704759,2.300933974895357,105.11624346884199
24.50506403172301,0.0,116.33362134143273
48.803447228763225,5.281865398428421,114.2644064898141
54.726909072380636,4.167207557459731,115.0777264522851
75.44115880601177,6.92676433777285,91.7532332362749
81.69096909291201,7.324875307734775,88.35115149102154
37.44388911325801,0.0,124.03591143550143
26.133896045783544,3.6237212172906497,105.47905671855851
46.55157777864292,7.137911920926426,85.49060649807082
83.82758045193967,4.504723412508363,109.47995683807392
56.05262098826326,7.043778854384705,109.8298450897259
47.569209709676905,4.538001179121186,84.86072584459723
50.43146325858674,7.154363253877808,66.1750649196162
34.52500527048444,7.204759231111796,90.29595436726073
71.8727209901153,9.000991512310819,67.05896129689802
88.07263890069581,9.245611803742541,100.46220162534371
70.3664036103076,4.983680056891675,92.76307276079086
74.00826863513558,5.537130884196577,91.46261117430855
56.32177298159726,5.441915139367255,116.36892901358252
53.041040721854316,6.168442828568712,80.75486286458874
30.72988154235362,3.284217931156416,106.52647598445354
50.80823626552416,5.342376366479627,71.35042781876626
60.547027164877896,4.731744868468024,60.984358421593015
51.66342545446617,8.378241581990512,103.61983283700752
63.71685913252555,9.105979310327715,86.6265722497238
55.166308627966686,3.610517259780571,92.28908108386078
63.0502674205291,8.648601771194471,89.15168149986421
73.07954130489964,7.119772477744834,100.7443447672066
51.274028755745455,9.142681178358194,71.04332089437406
51.94637958569024,5.112257643744488,96.1615548017058
64.28546815441872,2.7363339277721774,106.49876038858616
54.70336742425396,2.933730166481295,122.09592933073318
61.999952429872636,2.404312279976267,85.41348358466296
43.26612988883996,8.210927986742746,103.76338942807837
45.73720896080503,9.267793943624465,97.12826333181164
48.469997157852085,0.8874189566681636,99.55844983479132
53.65763427188429,9.694738228235083,129.64115332734212
66.73091650585198,10.0,88.42311205701007
63.91388983515154,6.36379903142753,123.74641443920635
43.745930137308726,5.958795943550386,88.92366755966269
52.75822290072308,4.2923235403043325,92.26246858055926
63.67467893598415,4.453500015684473,81.9204096544212
69.27945621323926,3.2031833971786297,94.66958753141196
39.65027034142186,10.0,88.24979928023969
81.18631527957493,10.0,121.4060747313811
70.87695414398561,3.667649488572896,129.64666505009072
70.31602798989209,5.104288768744934,82.7924018912224
71.03901665967875,8.033113224809002,94.17669847376382
66.16193909640072,7.001332394761082,114.3789445237214
50.63789922213858,6.525000969768591,94.81316231888782
54.4732484666013,6.312686602453948,102.20520676023524
68.44982293840137,4.906153784341463,77.54857382350195
74.57011914357246,9.525165341155557,107.50240675485547
35.97452235445465,7.330228126401678,104.60857976675373
78.63363047665372,2.999417508725636,111.62460086373048
81.60454137879294,7.403012592241834,97.57530376885626
60.88247198203737,10.0,109.77623716597294
74.08246926216813,9.744562880379249,105.01616644759389
72.8633480695689,9.731113915818295,90.2130223509188
87.14224596402086,4.265880140416691,126.7848668634411
40.44463215745702,7.098654424868002,72.55504819320471
80.24158423642311,4.976816566296282,97.77027650304285
94.95157427163042,10.0,82.87023769535934
71.36416934258784,6.262930203123073,96.02103330965075
46.14432289384459,5.441882086564113,111.91094319399512
45.95327059641595,4.964021370474107,124.64253738380688
46.98906671712987,4.666086535619225,99.08697930286665
56.79005236901609,10.0,112.76900067329434
91.67581916847607,7.459164270987088,78.79825603964649
90.76426976909002,5.672185972698436,97.9276099594193
22.992531410246812,5.654878726645423,91.47190643404436
71.80150288597635,2.3984747970249307,120.59956236688525
81.52699978971188,8.580733479740573,102.16872834443417
67.63809650418595,9.852721442678618,97.95647188482675
64.48255376518131,6.714092278838748,81.0876479871813
61.33198184598659,10.0,96.66795183706134
90.76633223649597,7.165911422189052,115.76927574481682
62.96618735477131,9.63125919997863,85.25005578536155
46.40419250187072,10.0,88.31140501214979
84.85270498300036,10.0,83.02760973823298
57.483458128084806,9.923682626089166,97.05139303870159
50.608242086586,4.78925563919098,112.03190545102618
62.200866719670714,6.3565537978829845,107.25513285314705
65.61246069031195,4.482184101419321,135.78513842447123
67.44145949710571,5.493399114741525,97.02695511483358
47.191489550693774,2.538023101448591,105.34069426064904
69.99522525261796,9.024772681609928,113.60926993011304
71.58028011740936,6.394477778413082,125.61255757809671
54.252545353650326,3.8410076744470034,117.28576657325087
41.65876211478744,5.75524072441614,95.33751609658843
61.826226000662665,4.669410382160857,92.47570310948436
62.17167967845708,5.614472698255019,114.72585989928011
42.35278933182829,7.985415795510255,97.06011608406689
79.50820146893118,7.873071558878072,103.73044617771784
62.1086744191394,7.4762589837526985,85.5899204642158
58.708357237224874,5.459206129328162,88.22081891930003
47.50123376505467,8.892549132118372,88.10536185277127
85.10090804880578,5.718337499021855,120.68148480819774
79.1787959855138,8.74009636202538,108.23152968127667
68.85785902883752,3.269297327185029,113.93252337535073
64.46145584160077,9.627025008096577,100.94363486900191
48.58431330940847,2.5021214692446763,88.60028197534497
66.9711731587765,5.885217562453526,109.36032278115337
64.9129215397463,3.368629566499848,103.21532590183928
57.61148362468169,6.492831637356126,116.09470277630416
49.532564790024196,7.60151783614602,114.1535693440011
58.91561379379602,7.056409272014035,74.79021945790376
41.26786653694761,6.478593703473276,105.20874940752937
97.69852401165438,4.534892474595752,80.70513180189317
50.75215307229884,7.543239811670411,97.02713579750814
70.01301476449164,9.558121301305997,97.62268289500103
64.29516722044443,8.308840374192052,85.93176080445562
87.07219996749855,6.87314575999816,98.50081291786509
53.91742310801718,4.022290971924385,112.5239263782601
78.40995754527181,4.664593509811363,112.92677309456047
56.378678588231324,4.538333250554576,117.40078016720324
44.467382274398645,7.481165080962828,82.30387500221644
62.21880347884594,5.268228105651927,110.23656286325556
73.79339528408732,8.128049862033611,86.15355869583179
59.23685513516046,9.323304873911184,91.35715997002377
56.485538173590925,6.5561047963686185,118.95787259063246
66.11538940466157,5.502790740366559,102.76534894446368
38.94624323480244,4.613281281671886,95.61255605695948
24.559128281940403,0.8604587300817776,100.9771767313912
90.55583305888152,9.75855690059128,124.93347076169628
56.6044827186693,2.3656023082424316,106.3175419681268
67.98779709464198,10.0,99.75119707817699
89.97811885272033,10.0,76.35200284428484
87.79405382289916,5.354802796519171,112.14522713288045
55.240591413139654,7.173308641572228,89.60607636614148
39.37252431987594,7.72152172555705,83.35790732410265
49.77733458812602,1.817483637247074,130.25073101821576
58.450904542090775,3.104962920141616,83.97823266207824
82.2100013763728,4.7372765507971515,88.796427056369
71.53408670711786,2.824228231606499,95.86863177343633
56.78210535464851,0.0,101.85206537393631
84.03309528496196,8.380530893790137,111.05061937209297
32.86490388131513,0.0,94.43159091495083
88.46229631987146,7.1741489985527584,109.12994643143719
89.82038699696332,3.499523100394877,108.00022352369675
62.00777959054621,7.474175356595939,98.30377240311569
34.89394671285942,0.6334511273944532,112.12654313172426
64.690500505589,4.964914368574449,87.0176048987003
65.9870031120595,6.752354081714964,101.74305034731258
48.17247427906583,4.801792163585187,98.65426806438442
55.294559110289306,1.4406033221560275,85.87458301118137
40.21657847765979,4.755600674096649,105.97794684896714
81.70044642296952,10.0,85.56102410818548
54.93624516486589,4.197873769792256,107.35984121722389
64.77805699013736,6.0129705120207255,89.71395392186864
52.30163337587567,8.197593916712739,103.40964232901922
67.91785578910662,6.627030184955384,103.13121232695138
82.9982245691874,8.660619321540885,99.63498500973147
95.8973242624002,6.700177856326622,96.93039901033373
52.45711752025566,0.9892488952234233,97.75160051405582
43.65985311592658,1.2870923232183227,69.70729100383755
84.05436844810531,7.642968656935747,78.23985925851647
32.694380796658464,6.036995301979219,72.1856208623659
79.7138103162617,10.0,88.83931075139024
54.40921808665082,1.1956452428303788,95.1108182601204
56.83344348568116,4.91112345529588,109.27832130729797
69.0569743381194,9.098676182066622,126.13030317559311
52.70384039442919,8.25117632395829,111.08485581761161
63.04000618553181,4.713118653562143,98.27737135376935
56.67886174333236,10.0,116.6940881418804
13.809081585937074,1.137184178915172,91.81340036610581
46.71551506568007,3.767664482836191,90.80665263426829
74.13719453373864,2.6241753323966135,109.3264814457414
70.13171043207345,3.581713814643112,115.47840582547607
30.208523363264376,1.663662439798724,97.6654150591527
35.91418971730956,9.013508111118384,96.08299393212647
75.11060068415358,2.9044021305789145,133.09969811913498
79.95137127093608,9.635732442016327,128.02504692165152
41.09628705646032,9.89865829246342,112.42409942598097
68.28953227544393,7.329284963768165,95.67360220909431
76.48567274941612,6.4388458648726505,95.8465247445344
64.28706438245482,2.224913602544434,87.09910433285958
65.06777887707001,3.6599981843833853,108.51708254429639
73.6646265369468,6.806974608210357,112.65219101165314
55.333643984967836,7.274032045944431,75.81826471284617
70.56945309561172,5.260905071056383,112.55037411590665
81.95064419492424,6.136860907144223,100.57500974848472
47.88589998913785,10.0,118.62211796930816
46.499122924073724,10.0,85.81934619183221
70.632768789389,10.0,118.23392758318171
71.73724852876246,8.454392229186203,92.15613500881523
41.99723991322989,2.9122850815502623,86.58482166173555
49.45599178638655,4.666594626129689,96.14811896404076
57.443909419472135,0.0,87.02114880004437
63.19261856440881,9.269418778055465,129.2261885488578
50.98205530283965,0.0,115.27611588666733
22.120994090489297,3.050713987305754,99.13071390933327
81.47571551852582,6.698356405443645,87.8044305482024
60.01893328297374,5.542471312217623,111.6720037117305
58.19622360864669,1.1495587453490934,97.52998346023787
63.330196254084534,4.265143212073665,86.60718509171461
54.18427085983001,6.181079898707074,108.70954896333977
82.11865009704067,8.124741519072886,90.05590287274167
75.5129434379975,6.697217102252678,86.85340096566188
88.82138056134248,5.1796166402904475,95.94843825475135
61.02948770802638,8.947976583228504,110.48805452915224
58.53817031627349,5.678194886435063,82.04015960444622
64.50717225243302,3.4181155036058986,118.14837500874401
71.54102740106215,6.1660553850152935,92.6994501332227
88.09071064795363,6.943586415129313,91.48714972659509
71.0813168905709,10.0,98.1943412878666
62.52455185129485,2.983752155707635,102.04791320866866
85.37320268260957,5.744005190376665,91.04764317904826
57.54506557631159,8.253270804433994,89.32519262913418
69.47073011390856,8.587000407629194,92.29881566526876
90.15161264538764,10.0,82.78026627556483
68.51858116845658,2.4858440184125956,114.88068986387901
66.91752423878698,8.797766952085976,89.36320796397645
62.432913958817224,5.568147631661772,76.1789726375516
49.30464465605326,1.5657165198888805,98.99533015103911
97.32588495345821,2.628687139613795,122.73901364635745
62.370372019647974,8.24486431613959,86.39183237039506
77.91517017801007,5.699707291272212,90.14291743975699
82.88091508698177,4.624407218857312,76.76203667209117
72.66552005906358,10.0,97.28637884682483
50.98015668419236,7.293682353840195,72.28336129050854
61.7873439874014,4.136318020184893,106.51225930118017
57.32371344049221,2.0720109358872474,77.0197465430335
64.3101503209904,9.60420350778879,114.6454724555684
39.688860060227,5.968948762146962,100.34721066401077
74.92082156122005,5.552238336979859,109.94803889406441
80.60353782637354,10.0,99.4204059102531
38.4918623819714,5.638121794576379,89.0822941731435
76.95628455514718,10.0,111.0485466889618
71.18460959800711,2.794702650193634,111.18747277103058
60.84568875545968,6.649035767239962,120.37368080807317
80.24865516154189,5.250536303573866,99.92809058708578
78.00754605173161,0.0,106.38078194472646
50.42619461891387,7.757072432450311,75.90947573453822
56.0796157956852,5.166752923404223,94.57055687618492
80.08957169773971,8.216385861469643,125.42754313964105
35.4375079187371,3.7980217669799448,112.1511636768761
50.675134171987025,4.762244630331815,112.18990261698184
69.18376415589677,0.0,101.3939835878702
68.43201927495399,8.876532257630558,125.04187484053625
57.253750969145415,9.678071535158951,108.96150979963753
43.224578031791836,9.195934571253892,80.32242259703709
56.83038584934558,5.637665200647897,110.71680054594579
63.440426521176775,10.0,106.03640514081742
50.12075000949076,5.294223366016775,104.5652333429493
54.377051425842076,3.4365759722981517,108.3896236276093
61.04736900421919,9.745539185414946,75.03999541787135
58.329364897989805,7.218935164499947,83.67868028413105
36.247292860658796,1.9325303585201627,104.24939162319255
67.39655416033362,8.860140987993233,74.59760091548966
71.86104050744551,7.048935129259034,97.76285264036369
89.64953306125426,9.402592443933731,102.27380982601434
54.21508271393388,5.007068443649155,92.81354215715015
68.42022851626162,5.595885063466154,92.20872210226928
59.89669840289521,8.045377831811201,112.19693139312548
47.791086731092484,10.0,81.78981655236385
40.342499325038624,4.595827740782047,84.99883534141621
37.75359595648684,6.471801855958113,109.32524935366507
59.05572832708875,2.9684037358589634,121.75242529246388
36.20870659303707,5.7551727346726,86.66147319443998
50.08760041334944,7.916356511155637,83.10430896690966
30.94794250665026,4.855310280472265,125.10525565786466
24.11833716277686,3.290218686832899,125.76833964351374
59.22711501658222,5.477291328288829,83.34102695956605
90.43530040692728,7.167794479121808,111.71192586134069
48.859872195887284,2.2650355833444427,103.71512832895745
73.97267694343604,2.636026523587576,83.87594764861572
61.303552442027694,7.879021208018383,119.2810568018654
45.582618985089695,7.826033549060774,95.82032777534381
84.0122305905024,3.2394165499863554,99.17428202293996
55.785333779678325,2.3104971717165474,94.12987556300038
47.25351200273248,7.572770535273018,99.0100968107904
58.84563410496603,7.335243553984092,93.31708652272845
43.46458393479226,3.1149379285977803,102.6876213123743
50.46591149265859,4.150671803120611,92.53008307477917
58.41915241677806,9.727781047947985,110.32884341266772
73.46440075517681,3.64255337342508,110.87576223474701
46.04526796900947,7.743950256520291,87.43021428086593
55.06473989601532,6.912047308749325,76.19018359478282
69.07327949154188,10.0,112.04656867440212
60.01298076453359,9.101718063154397,104.77953320483955
63.12019969512852,3.9330369879375757,92.68391021738071
81.67087347994647,5.159928713244739,91.11891334746855
60.210064810021116,4.761588895944009,112.51523116700851
54.94998557522543,7.166699084672412,92.7840276409202
82.0993236017181,8.238108555298279,85.06468710717702
97.1140667644176,7.846432889666116,96.98792641762532
64.90271364259706,8.990569696876376,112.29990191263597
75.1040699897095,6.039919753823784,117.67077276824698
63.58497772614316,8.208270618378874,113.0610111534713
65.82190738742925,5.031522880653158,104.20082785954762
21.492926275810856,4.229666693015829,93.4121713311639
54.6965929724327,8.828166837263206,92.92390741099211
54.48882628506595,1.9289503790996205,67.36221345052067
78.98909914961041,2.7700756067566257,88.20769375443932
44.01903821962656,6.786862388096722,117.58673373534111
57.66263419548967,4.924079612445558,102.1609688255013
72.80971618608791,4.85277034770562,129.35740617028503
85.12643822348629,4.406568550215979,121.33396501670865
79.64671452847946,9.13902234301769,106.74907607819436
73.94338573396958,0.0,95.02056993915025
65.64547816638682,8.60049872952335,105.46195137655197
67.10376184342346,3.428350445484166,89.57240917556729
52.992587173160025,8.148049611927192,96.72490461673311
65.48141320365217,8.171043658960244,99.73924538213211
53.83271423299825,7.26309196817842,89.40464548025867
36.77030849629347,5.538606535627273,123.97139258683261
42.95222106386159,3.2960869773950727,88.97635014895874
88.4558828623505,9.630121121382224,88.85732009981797
53.321357356163674,9.119123444286576,105.18303618823543
87.17033700711407,9.416864221643333,100.87816981097703
65.67838407204366,8.651796977982846,111.10537949283011
87.49890945094981,7.243662218916692,93.68451852056407
60.56557625474957,7.537137618151387,109.04433541710998
91.3554858830557,10.0,84.14589426424158
51.3600270149827,5.1485057440771635,81.94514873972692
66.1574777671976,7.826429613857707,89.14321956298764
23.76526384218745,3.110748046305594,110.32296068717311
76.54636917685235,8.562672240660607,89.11552908984483
55.56727300114425,3.2449175552105483,113.04970119000143
48.02503781598879,6.73474411008276,79.57926401519467
61.65597730214693,6.107445758398944,92.89902787645066
35.876122794398846,4.226808809402614,106.21194597822654
49.43100860534339,4.7777354932444185,125.38824123193956
78.29072773978498,4.012301437389689,118.89651129682751
52.17375698493231,7.226439567219754,105.58463855890454
81.53651742640893,7.792977150188504,104.54527406566771
79.68360233320188,10.0,110.44625091000434
61.13922242717003,0.0,85.98140200244893
79.28358763892192,7.01895361797365,90.23747190533446
86.77611641016553,2.852024344643165,105.59513160572355
25.173452562534965,0.9381736275234953,86.94295706248518
39.007820317200306,0.0,100.27715130261035
64.69257306543984,4.574874324428931,95.27992358691522
62.47434934556247,3.3781849012318963,80.1138842051987
62.564034314883735,7.058128765697898,111.25720007155172
90.33445574866148,4.199316254440681,85.22706234588104
45.73923323177234,10.0,92.07076049424718
60.804540446926765,10.0,137.89940774669324
62.669805003455075,10.0,90.16096737609692
53.02528443062451,4.600020869541459,110.4053283093931
57.28261988532456,9.316673689583808,101.6281948960521
76.82359603488503,0.504105013247452,120.24400518955864
42.39235431366142,7.761887064970032,102.32123281351413
35.1113548127323,3.4843228826060484,121.70413875313595
76.6312812100682,8.205016947224799,103.69112865592331
49.31768073899327,5.349395401320777,96.91143273320048
74.07514596210468,10.0,90.90084843903097
71.91386757481214,10.0,83.72324306676293
52.927319410024374,8.261743427258804,111.73181975138618
53.53518614152515,4.394440220032713,97.03880987966583
53.53154302035997,6.440731968104638,115.80589412154802
59.785892072187366,5.375548611905216,96.51591481485265
90.47843417025594,10.0,122.60734309844095
76.01280158449427,5.587972971582231,121.44621547808165
62.33750101810293,1.299413638522708,120.01705140889527
62.42634758075347,5.990566706566082,80.20837613877593
81.80948277433502,4.269946503612485,95.94018550093658
54.13841742259074,7.141616319170424,99.85852705881511
78.3151703459859,5.562953999287664,91.63565298054276
28.266954732632044,3.684099898198751,93.77011759894071
61.30548397027643,2.954434484885385,101.09646609107413
73.73281559062721,10.0,101.93989725657114
77.53032031679427,10.0,120.26316611121507
62.2009486497028,6.388697082592723,118.34200707733487
62.60894823924569,5.786174411900974,102.00505644674267
66.02445084494215,0.0,116.3813507304693
55.082883981548996,5.592982260052228,111.18362731845546
44.469273078836125,3.8335746906489065,82.71478346497639
71.82258312064366,9.775561840695794,100.9751329479232
79.3966872075198,5.806619711936417,109.84030276413957
70.95001889860815,3.354358027608681,122.2485755685528
56.29486546269016,6.414277619112397,97.61931424656164
57.50316103143956,6.590027634353755,92.29523535065063
86.34916984897194,7.669561284621716,130.06931183154754
61.89562290177421,9.200160507409082,112.39112789611438
80.43816580825059,9.156609711031436,92.09956370117223
24.960091885606605,6.979050482663375,88.7190875388076
72.49708551946506,0.6418256438059338,107.19292662920232
64.42474588893793,3.3494334110497834,77.03640799894524
41.679342931547815,3.416238992024731,90.56689091429537
77.81872245113578,10.0,84.6055556062081
46.36713209553622,6.577512846234857,106.47596423482858
46.94238696545747,1.3560388676452266,108.15178166996623
48.781026753724824,1.2134438094107836,112.07643245528779
65.20834762567247,4.480837273664652,100.9931775436801
69.51070027107599,5.03710272890997,118.53366817041365
71.83089482083616,8.291358244347752,98.23261024190114
57.34004921763529,6.338171621170416,102.13428851317875
89.08396652498055,7.330222723982318,105.21392489293817
31.020235356219647,4.5950632694470155,70.21887010228656
99.4376556297067,10.0,124.6420682757266
46.845997446003985,2.230668204050901,109.09843001120467
77.42938796737188,9.315319778813517,87.80335834842991
42.22226687801271,6.77641066085765,91.76104032603743
32.26980501564152,2.6180222550149117,103.32452260863884
69.46143530592462,3.019565524646022,117.27357255528673
37.829990004317544,8.806700466807833,61.2852818820772
64.09618473874502,6.7302801075948855,110.2795471789461
66.13611330526818,7.446541928328694,100.91452553008862
60.877506049692194,9.415864950736122,105.49855884653749
71.03569889619007,8.543446082958669,87.68324377093127
67.93596538636238,10.0,116.32347724235765
61.52508651395041,7.426859218487837,74.22282985500787
55.10257415243545,10.0,102.46293220318421
74.2366110873623,7.405375775973533,97.28228835198139
64.1622380859744,5.821456654530386,94.55308938202631
45.7171347012856,10.0,126.6487084752685
69.0940111177273,10.0,95.65343489926504
55.683123311809595,3.6094111854159063,92.52903580478375
69.12378275835228,5.526340998865259,127.36349277893717
17.322639821747366,2.530362254444264,113.6955060681695
82.47492786422183,6.024440813267856,87.1352133983083
63.46400137315747,10.0,112.60220826243932
63.31657584086317,8.476219484527878,110.50979408628177
33.1477812761352,0.280214979352138,115.23049792012648
61.42571519581088,2.4464641194695895,90.41862878131843
50.8487899426522,8.200508176587213,107.200463376839
73.66384126036903,9.081038684978887,116.98180524201769
91.06258399100241,4.291558102326653,91.13599120613671
47.419152413933,3.4385656473359045,78.04119939466739
51.73869576137378,4.761697825294795,109.21629060613544
49.98647367914889,4.581270296711225,119.32267200495531
72.12509174078545,9.784538966984943,73.45175130582342
52.0351373202896,3.838694930214012,109.98210302489409
42.53437235735971,6.350178665061664,76.6319726437838
75.29052627205265,7.192380985478303,107.7449155459202
67.6681826443525,7.92253351691615,103.47883954639761
45.459315191889864,4.231708154214739,90.27294560364652
57.56349289856628,10.0,126.0224250522245
83.34955211521107,10.0,100.05260431169387
79.92234679741405,7.366556358731892,89.59184960254998
69.80163872442192,5.623208573349062,97.72488730579137
84.24624771065228,9.057091400991883,91.4772389314479
18.993775691582076,0.0,101.22251272557472
75.25498048260455,3.311157726834183,111.44487491432383
79.43719247606462,4.074673557522617,109.55490400199065
65.44005766033852,8.623222513580831,97.0536958145419
98.21507332549378,7.9172074691998695,103.89359635398311
48.132386801252494,10.0,92.96472712970397
82.99920223941544,10.0,96.61487070972773
26.570954837343283,8.456068409133675,85.75038005702883
28.40382908088167,6.401388047705745,98.67906779067698
62.71776438645674,6.820767330962752,90.83094460949403
52.53309353631763,5.418425101253163,57.66199919090481
76.16959718228138,4.89870216381329,85.55378599309475
32.42824648100981,6.183071080629687,79.03371910315464
32.27046452452237,4.536337689740457,87.79262868219936
74.47445824644628,8.756784406667652,116.64078859765912
86.4763989532316,6.313563815269146,104.93467111583303
27.260754906488017,6.376455179298792,80.28688032410375
72.47134332575436,8.994787665445173,105.2920933148079
44.25436535641356,7.4175289996330775,104.79475184324473
51.350073642341314,7.214964364465976,110.83454560927579
55.7742879728145,5.205555390154991,99.7051404917363
74.85887765071432,7.486801034150394,81.41896640854115
59.07979954657475,7.396092291339138,91.25195609606769
63.8097945665015,8.350231187300832,97.22258720665766
75.07921080876064,8.207916150928103,78.34848194111845
74.91456185022759,9.9482591149027,110.07820580407278
64.32003342741629,0.1505998344612829,104.05275876649648
72.74016817515013,9.160006456970514,82.88637659813185
22.40032981776231,2.4400056974561677,104.40426397069243
33.71705478513037,5.598372986942639,109.93992003378656
47.80167977817709,2.2475152833599576,73.04246190309408
71.7258465578962,6.702242394297263,100.51800960088116
62.322065559598066,3.736632001823629,91.62832522806504
57.624266693853315,6.503986251832481,72.04384090848203
56.892880923500385,10.0,99.25902186913076
70.7003885252249,8.53494174554694,79.03526854889203
71.23293102496515,7.129220824716755,109.15710982278318
64.06797714352628,7.901080119107446,84.24488524546062
62.19817529147632,10.0,110.23535036911137
39.006568431958236,7.6951536962079885,103.69479654366266
86.74816474603483,9.177742323916394,85.73259325766601
51.82635469350564,5.4055580272217565,125.28994967610099
84.23908365035643,9.836233097215416,105.9397465673409
61.56098611929673,3.417481241006434,114.01487304992416
93.07695359360409,7.7299144768840184,122.1401848718557
37.799379431086834,3.2858178590295646,85.53337784487515
84.56585156918703,3.186303904990955,91.14126236445897
74.99449809261526,9.783491757652934,114.932685685609
60.381187004794825,7.150454266416524,110.15357753594697
60.40089880917971,6.201553091783866,124.74422205808835
50.09543249929328,4.327429566451908,70.5544910954476
73.17768779468028,5.665184788801188,94.9655259234289
50.560568945374584,4.3690936349129395,110.10495649606774
78.44241217982629,7.5614313610552255,94.61209032798385
64.80584340177768,0.6455223541766175,97.10292187171046
66.42508315843513,6.5483480353301,102.11642603257135
53.1025666803926,5.884340456206962,109.27396992882068
55.70874257645817,2.136386328207012,113.79734158361418
71.40979015685721,2.5231080362978324,118.54053753230855
66.981634026672,4.31257303453576,112.48453197725722
72.75421947012762,6.187522907158168,109.49418178757232
37.99124236103166,7.29057923412233,83.59211512515171
56.57240665928962,4.043852889931845,85.71923212601553
68.14944094343662,0.0,92.28138810452997
60.716085853025554,0.7426888405529528,88.62795655872738
82.96901613256185,7.575416515255933,105.08916517498837
84.14774211370356,5.437845525949914,85.3997098175206
62.56620870106246,6.238779070264919,116.34668000541623
68.99583453158955,3.5390577849985876,109.03698251686387
57.33970244857966,10.0,110.08400289353133
57.32268488551312,6.774594237417018,108.49326747235637
51.72789257475265,4.333464613398956,103.47740925552876
89.66490413255428,6.596887103939489,100.25053926848761
62.96504324968955,1.9488094218219194,91.51101392248486
65.27993820437554,6.630679618791578,96.0161851634458
79.39527273467066,1.5547114659105281,97.2324213145497
48.48579955185753,3.5742044528747416,66.54482334536699
61.05710462267559,9.80291102324017,101.0723874239786
68.21485727282747,6.459408111394339,92.61719473444062
58.64406863904221,8.380388214654387,72.52241578794997
47.25865681025105,3.357565890104081,106.63136513766581
53.1427181506584,8.768326084293214,89.87512463383425
81.51655011727259,10.0,90.15341213041958
66.43375228819255,7.272204855875332,93.5901441027018
74.22620267945553,7.333756106589785,90.97710954549929
56.06534889754652,4.181933059711783,92.58828785651544
76.44006539909236,10.0,103.63763191229694
36.4940275209745,0.35136090826749466,123.95224692096208
67.3149112142067,5.5152237286678245,98.13165748812733
72.70131781080379,8.17215882594301,100.81187376295969
56.111397574782224,10.0,78.43838532504333
24.22416953279531,5.743589435541801,102.23212869561974
51.73476023613023,0.497704239869627,105.30601568184109
0.0,4.177803352977641,104.44342326433268
52.16569874097398,4.329314363169422,94.16999557023587
83.44592086100167,2.6939742360438377,88.65367229143311
76.17334112643653,4.666645224304933,99.0792489407043
76.79471741185985,3.735754419864403,77.22552619699256
51.95638321073933,2.684514833708402,134.1531650327127
57.87552188544141,8.187916236620122,101.42081604849311
54.12337051228078,8.103162772753645,89.7911878343097
34.55338796749664,0.44505789288986275,97.24740076373811
86.45938994968196,6.969575410351798,90.44505379772654
68.57899168044395,3.7483853535267797,100.39071793711308
45.004606954216804,5.800902525634826,93.0411752892003
78.92574423932912,8.91670685233685,99.17943680693001
91.61158304445605,5.25078282453076,90.16833642815685
69.78581798163539,3.0756805210519573,125.57562471752146
47.19597038845225,9.001411449313348,98.99109214853416
50.608117568756235,4.042589929665944,127.91024561268229
76.00038344343182,10.0,103.7433303514389
86.42606067060412,3.7331240301037014,109.77781518987855
47.52187817782207,7.895766352982049,115.60075466300962
65.79348095208687,2.0109791341754146,109.36329243729193
45.90044258696658,10.0,83.1721677486602
69.87504849138921,8.755277175912319,118.96677970178112
50.25929744048784,0.0,88.4199819328944
88.28016167963615,5.334305647430457,113.47790282239802
49.58668260649967,8.229345895610715,106.0496329097537
46.858527138987604,7.156147103070396,94.50312230994153
57.730505574298355,10.0,87.02089437806363
42.47826925644752,7.889376019877895,74.61093961756706
44.824611882996486,6.167106751182065,101.37323166668148
50.38940749528295,10.0,111.35294479776131
62.22852966252446,3.9373434405983776,114.2028871429074
50.416610770485896,7.238960904987134,112.71818709410414
99.23840772219641,9.914994064317373,94.57246983932639
63.68546466474908,8.772301020553632,93.45217024346528
49.520973641473056,5.411886429213886,82.60925303625206
88.8023837290175,8.818290105664918,91.29435226070794
54.631564976228894,4.947406542225983,117.75052842335619
71.18883295602835,8.655445129688115,100.88630542787335
55.77860515881134,9.203822168404304,121.99544041173998
49.66807202907877,8.215624368357414,100.67450871156885
56.804487399756894,7.748739376238216,107.38853728837242
50.402788592770236,7.891909628598749,98.21261526501183
40.12362956070115,9.172692060745074,93.9062949945347
33.03767198602257,2.513283192221211,101.86151816058027
64.21176824098575,0.9307034731225183,110.95089767221862
52.55409186751216,2.675545265311464,90.89354959012931
55.17265418772223,5.65619098610995,99.53982470336837
70.6573860649136,9.197770674268536,112.37875573009894
58.472378447279496,5.097659089365305,104.50333825736212
31.813876145274264,2.58991517327088,86.48688526473012
52.75346450429206,8.844045689528365,100.92967334938218
62.74270767483467,5.9749370453383035,118.88755378099077
18.679896384735542,8.015917924693783,84.31595612485746
66.23154108300045,10.0,109.02508534552362
56.69490271495682,9.089970271171998,89.7992604672599
65.57294014379029,6.78653029905354,87.44708029948627
47.26497141473893,1.5822224900447157,109.56186320726933
55.19103100031217,3.780689318596522,119.85536247921785
79.07107819297062,8.899130292839903,94.24301444883244
52.73827896546776,3.8196536475731113,103.31326743043502
35.572885247233444,5.198800756409415,100.36149769768068
75.12859749126102,5.676007749002345,130.51689107694654
71.99782300395042,0.10797114747734149,109.6810938577297
83.52130144733633,10.0,117.64354633714402
83.17114425366442,7.877188951117428,82.20320498382762
50.84214515801948,6.578475616588425,101.80968122878548
42.37921422266636,8.420784537499003,79.15153776304402
63.07411398248885,4.836963351133864,106.48062962313051
62.09929365043612,10.0,100.06465647519217
72.19389212729781,0.0,105.90126704032416
69.00338835628015,4.458516614052324,99.37223848067588
53.597982531627544,1.195704682192126,96.55678754892479
88.29513901109173,4.296193131837692,111.63483862801726
67.1549170255063,5.363182621515472,98.0510190425482
68.74520036872205,5.853924283372997,100.60886599828366
84.0645460632584,10.0,87.43739275881013
65.5696291986396,8.432257969208187,112.90105166389961
81.97071581143311,3.945945462827443,110.73620093814702
63.03932942414599,1.3525101291111081,92.80256548511294
26.95912368361932,4.803689650237853,88.8668794595093
58.21740985517445,6.405328704026848,84.71843220216407
96.58038380906062,7.789202511044727,117.48807042145103
74.65282518751798,8.140823621611183,110.03257566587853
80.00469399737455,8.909593089180138,107.74800048230955
70.03533913320076,6.271011664278042,86.36669324166459
44.443593027187674,4.542631100047971,98.24970134259777
57.962793788092426,9.113339230398708,100.05089361963007
41.96282956891136,5.502695132924812,99.96140031970472
83.61557356433546,3.023176296430262,104.78083160717192
72.42011187808238,8.407834426967167,117.01834059868014
60.13638977976589,6.174027672543244,103.46430928858952
47.00843422662723,7.9213366129680605,100.44963647086168
61.81519152770277,10.0,108.65572843004593
64.49946166789879,10.0,94.65424616901593
68.25376436473647,1.1626994618199396,92.11734253361563
73.26227723279774,6.281716625188982,94.05146049418036
66.88317829174198,10.0,105.08331898146835
51.94527073602549,2.0900434836571713,97.55253137073645
47.70847932844562,6.8792162693715095,88.46864471010294
51.47426575375438,3.78001666975526,122.12393268593186
77.62510376848655,5.442289709323136,106.59400893964825
57.40899822393181,10.0,88.16143220597499
66.93352581012164,4.272786386305478,97.84598873974531
57.368069638377676,5.374705528932254,77.70013057239701
41.983162793917415,0.3596994433873606,117.35192796111748
63.5539746457957,5.210020979517112,93.09476841182017
67.96500813684712,7.705350610006904,109.56741538342798
60.101281353372634,6.469029219269598,95.44254386301799